Date,Count,Status ,av
14/03/20,81,Cases,
15/03/20,27,Cases,
16/03/20,15,Cases,
17/03/20,11,Cases,
18/03/20,37,Cases,
19/03/20,27,Cases,
20/03/20,58,Cases,36.57142857
21/03/20,78,Cases,36.14285714
22/03/20,67,Cases,41.85714286
23/03/20,102,Cases,54.28571429
24/03/20,64,Cases,61.85714286
25/03/20,90,Cases,69.42857143
26/03/20,65,Cases,74.85714286
27/03/20,164,Cases,90
28/03/20,143,Cases,99.28571429
29/03/20,110,Cases,105.4285714
30/03/20,187,Cases,117.5714286
31/03/20,309,Cases,152.5714286
01/04/20,424,Cases,200.2857143
02/04/20,486,Cases,260.4285714
03/04/20,560,Cases,317
04/04/20,579,Cases,379.2857143
05/04/20,609,Cases,450.5714286
06/04/20,484,Cases,493
07/04/20,573,Cases,530.7142857
08/04/20,565,Cases,550.8571429
09/04/20,813,Cases,597.5714286
10/04/20,871,Cases,642
11/04/20,854,Cases,681.2857143
12/04/20,758,Cases,702.5714286
13/04/20,1243,Cases,811
14/04/20,1031,Cases,876.4285714
15/04/20,886,Cases,922.2857143
16/04/20,1061,Cases,957.7142857
17/04/20,922,Cases,965
18/04/20,1371,Cases,1038.857143
19/04/20,1580,Cases,1156.285714
20/04/20,1239,Cases,1155.714286
21/04/20,1537,Cases,1228
22/04/20,1292,Cases,1286
23/04/20,1667,Cases,1372.571429
24/04/20,1408,Cases,1442
25/04/20,1835,Cases,1508.285714
26/04/20,1607,Cases,1512.142857
27/04/20,1568,Cases,1559.142857
28/04/20,1902,Cases,1611.285714
29/04/20,1705,Cases,1670.285714
30/04/20,1802,Cases,1689.571429
01/05/20,2396,Cases,1830.714286
02/05/20,2564,Cases,1934.857143
03/05/20,2952,Cases,2127
04/05/20,3656,Cases,2425.285714
05/05/20,2971,Cases,2578
06/05/20,3602,Cases,2849
07/05/20,3344,Cases,3069.285714
08/05/20,3339,Cases,3204
09/05/20,3175,Cases,3291.285714
10/05/20,4311,Cases,3485.428571
11/05/20,3592,Cases,3476.285714
12/05/20,3562,Cases,3560.714286
13/05/20,3726,Cases,3578.428571
14/05/20,3991,Cases,3670.857143
15/05/20,3808,Cases,3737.857143
16/05/20,4794,Cases,3969.142857
17/05/20,5049,Cases,4074.571429
18/05/20,4628,Cases,4222.571429
19/05/20,6154,Cases,4592.857143
20/05/20,5720,Cases,4877.714286
21/05/20,6023,Cases,5168
22/05/20,6536,Cases,5557.714286
23/05/20,6665,Cases,5825
24/05/20,7111,Cases,6119.571429
25/05/20,6414,Cases,6374.714286
26/05/20,5907,Cases,6339.428571
27/05/20,7246,Cases,6557.428571
28/05/20,7254,Cases,6733.285714
29/05/20,8138,Cases,6962.142857
30/05/20,8364,Cases,7204.857143
31/05/20,8789,Cases,7444.571429
01/06/20,7723,Cases,7631.571429
02/06/20,8812,Cases,8046.571429
03/06/20,9689,Cases,8395.571429
04/06/20,9847,Cases,8766
05/06/20,9472,Cases,8956.571429
06/06/20,10408,Cases,9248.571429
07/06/20,10882,Cases,9547.571429
08/06/20,8536,Cases,9663.714286
09/06/20,9981,Cases,9830.714286
10/06/20,11156,Cases,10040.28571
11/06/20,11135,Cases,10224.28571
12/06/20,11306,Cases,10486.28571
13/06/20,12039,Cases,10719.28571
14/06/20,11405,Cases,10794
15/06/20,10032,Cases,11007.71429
16/06/20,11086,Cases,11165.57143
17/06/20,13108,Cases,11444.42857
18/06/20,13829,Cases,11829.28571
19/06/20,14638,Cases,12305.28571
20/06/20,15918,Cases,12859.42857
21/06/20,15151,Cases,13394.57143
22/06/20,13560,Cases,13898.57143
23/06/20,15656,Cases,14551.42857
24/06/20,16868,Cases,15088.57143
25/06/20,18205,Cases,15713.71429
26/06/20,18255,Cases,16230.42857
27/06/20,20142,Cases,16833.85714
28/06/20,19610,Cases,17470.85714
29/06/20,18339,Cases,18153.57143
30/06/20,18256,Cases,18525
01/07/20,19429,Cases,18890.85714
02/07/20,21947,Cases,19425.42857
03/07/20,22718,Cases,20063
04/07/20,24018,Cases,20616.71429
05/07/20,23942,Cases,21235.57143
06/07/20,22500,Cases,21830
07/07/20,23147,Cases,22528.71429
08/07/20,25561,Cases,23404.71429
09/07/20,25790,Cases,23953.71429
10/07/20,27762,Cases,24674.28571
11/07/20,27757,Cases,25208.42857
12/07/20,29106,Cases,25946.14286
13/07/20,28178,Cases,26757.28571
14/07/20,29917,Cases,27724.42857
15/07/20,32607,Cases,28731
16/07/20,35468,Cases,30113.57143
17/07/20,34820,Cases,31121.85714
18/07/20,37411,Cases,32501
19/07/20,40235,Cases,34090.85714
20/07/20,36806,Cases,35323.42857
21/07/20,39170,Cases,36645.28571
22/07/20,45601,Cases,38501.57143
23/07/20,48443,Cases,40355.14286
24/07/20,48888,Cases,42364.85714
25/07/20,50072,Cases,44173.57143
26/07/20,48932,Cases,45416
27/07/20,46484,Cases,46798.57143
28/07/20,49631,Cases,48293
29/07/20,52479,Cases,49275.57143
30/07/20,54968,Cases,50207.71429
31/07/20,57486,Cases,51436
01/08/20,55117,Cases,52156.71429
02/08/20,52672,Cases,52691
03/08/20,50488,Cases,53263
04/08/20,51282,Cases,53498.85714
05/08/20,56626,Cases,54091.28571
06/08/20,62170,Cases,55120.14286
07/08/20,61455,Cases,55687.14286
08/08/20,65156,Cases,57121.28571
09/08/20,62117,Cases,58470.57143
10/08/20,53016,Cases,58831.71429
11/08/20,61252,Cases,60256
12/08/20,67066,Cases,61747.42857
13/08/20,64141,Cases,62029
14/08/20,65610,Cases,62622.57143
15/08/20,63986,Cases,62455.42857
16/08/20,58096,Cases,61881
17/08/20,54298,Cases,62064.14286
18/08/20,64999,Cases,62599.42857
19/08/20,69196,Cases,62903.71429
20/08/20,68518,Cases,63529
21/08/20,68519,Cases,63944.57143
22/08/20,70067,Cases,64813.28571
23/08/20,61749,Cases,65335.14286
24/08/20,59696,Cases,66106.28571
25/08/20,66873,Cases,66374
26/08/20,75995,Cases,67345.28571
27/08/20,76827,Cases,68532.28571
28/08/20,76657,Cases,69694.85714
29/08/20,78479,Cases,70896.57143
30/08/20,79461,Cases,73426.85714
31/08/20,68766,Cases,74722.57143
01/09/20,78168,Cases,76336.14286
02/09/20,82860,Cases,77316.85714
03/09/20,84156,Cases,78363.85714
04/09/20,87115,Cases,79857.85714
05/09/20,90600,Cases,81589.42857
06/09/20,91725,Cases,83341.42857
07/09/20,75015,Cases,84234.14286
08/09/20,89855,Cases,85903.71429
09/09/20,95536,Cases,87714.57143
10/09/20,96762,Cases,89515.42857
11/09/20,97655,Cases,91021.14286
12/09/20,94414,Cases,91566
13/09/20,93220,Cases,91779.57143
14/09/20,81913,Cases,92765
15/09/20,91098,Cases,92942.57143
16/09/20,97860,Cases,93274.57143
17/09/20,96787,Cases,93278.14286
18/09/20,92973,Cases,92609.28571
19/09/20,92574,Cases,92346.42857
20/09/20,87395,Cases,91514.28571
21/09/20,74493,Cases,90454.28571
22/09/20,83362,Cases,89349.14286
23/09/20,86703,Cases,87755.28571
24/09/20,85921,Cases,86203
25/09/20,85717,Cases,85166.42857
26/09/20,88759,Cases,84621.42857
27/09/20,82770,Cases,83960.71429
28/09/20,69669,Cases,83271.57143
29/09/20,80500,Cases,82862.71429
30/09/20,86748,Cases,82869.14286
01/10/20,81784,Cases,82278.14286
02/10/20,79883,Cases,81444.71429
03/10/20,75479,Cases,79547.57143
04/10/20,74770,Cases,78404.71429
05/10/20,60130,Cases,77042
06/10/20,71869,Cases,75809
07/10/20,78809,Cases,74674.85714
08/10/20,70797,Cases,73105.28571
09/10/20,73305,Cases,72165.57143
10/10/20,74418,Cases,72014
11/10/20,67789,Cases,71016.71429
12/10/20,54262,Cases,70178.42857
13/10/20,63717,Cases,69013.85714
14/10/20,67811,Cases,67442.71429
15/10/20,63441,Cases,66391.85714
16/10/20,62304,Cases,64820.28571
17/10/20,61893,Cases,63031
18/10/20,56519,Cases,61421
19/10/20,45506,Cases,60170.14286
20/10/20,54348,Cases,58831.71429
21/10/20,56264,Cases,57182.14286
22/10/20,54371,Cases,55886.42857
23/10/20,53931,Cases,54690.28571
24/10/20,50366,Cases,53043.57143
25/10/20,45922,Cases,51529.71429
26/10/20,36019,Cases,50174.42857
27/10/20,43036,Cases,48558.42857
28/10/20,50188,Cases,47690.42857
29/10/20,48765,Cases,46889.57143
30/10/20,48117,Cases,46059
31/10/20,47228,Cases,45610.71429
01/11/20,45928,Cases,45611.57143
02/11/20,37592,Cases,45836.28571
03/11/20,46027,Cases,46263.57143
04/11/20,50465,Cases,46303.14286
05/11/20,47628,Cases,46140.71429
06/11/20,50017,Cases,46412.14286
07/11/20,46153,Cases,46258.57143
08/11/20,46707,Cases,46369.85714
09/11/20,37119,Cases,46302.28571
10/11/20,44724,Cases,46116.14286
11/11/20,48285,Cases,45804.71429
12/11/20,44585,Cases,45370
13/11/20,44620,Cases,44599
14/11/20,41692,Cases,43961.71429
15/11/20,30681,Cases,41672.28571
16/11/20,28609,Cases,40456.57143
17/11/20,38548,Cases,39574.28571
18/11/20,45366,Cases,39157.28571
19/11/20,46185,Cases,39385.85714
20/11/20,46283,Cases,39623.42857
21/11/20,45301,Cases,40139
22/11/20,44404,Cases,42099.42857
23/11/20,37441,Cases,43361.14286
24/11/20,44245,Cases,44175
25/11/20,44699,Cases,44079.71429
26/11/20,43174,Cases,43649.57143
27/11/20,41353,Cases,42945.28571
28/11/20,41815,Cases,42447.28571
29/11/20,39036,Cases,41680.42857
30/11/20,31179,Cases,40785.85714
01/12/20,36474,Cases,39675.71429
02/12/20,35506,Cases,38362.42857
03/12/20,36574,Cases,37419.57143
04/12/20,36711,Cases,36756.42857
05/12/20,36010,Cases,35927.14286
06/12/20,33178,Cases,35090.28571
07/12/20,26227,Cases,34382.85714
08/12/20,32083,Cases,33755.57143
09/12/20,31637,Cases,33202.85714
10/12/20,29411,Cases,32179.57143
11/12/20,29961,Cases,31215.28571
12/12/20,30354,Cases,30407.28571
13/12/20,27336,Cases,29572.71429
14/12/20,21941,Cases,28960.42857
15/12/20,26251,Cases,28127.28571
16/12/20,18172,Cases,26203.71429
17/12/20,26754,Cases,25824.14286
18/12/20,26991,Cases,25399.85714
19/12/20,26834,Cases,24897
20/12/20,24622,Cases,24509.28571
21/12/20,19147,Cases,24110.14286
22/12/20,23880,Cases,23771.42857
23/12/20,24716,Cases,24706.28571
24/12/20,23444,Cases,24233.42857
25/12/20,22349,Cases,23570.28571
26/12/20,18575,Cases,22390.42857
27/12/20,20333,Cases,21777.71429
28/12/20,16072,Cases,21338.42857
29/12/20,20542,Cases,20861.57143
30/12/20,21945,Cases,20465.71429
31/12/20,19026,Cases,19834.57143
01/01/21,20159,Cases,19521.71429
02/01/21,18144,Cases,19460.14286
03/01/21,16678,Cases,18938
04/01/21,16278,Cases,18967.42857
05/01/21,17909,Cases,18591.28571
06/01/21,20472,Cases,18380.85714
07/01/21,18123,Cases,18251.85714
08/01/21,18453,Cases,18008.14286
09/01/21,18820,Cases,18104.71429
10/01/21,16086,Cases,18020.14286
11/01/21,12481,Cases,17477.71429
12/01/21,15903,Cases,17191.14286
13/01/21,17015,Cases,16697.28571
14/01/21,15677,Cases,16347.85714
15/01/21,15155,Cases,15876.71429
16/01/21,15050,Cases,15338.14286
17/01/21,13962,Cases,15034.71429
18/01/21,9987,Cases,14678.42857
19/01/21,13787,Cases,14376.14286
20/01/21,15279,Cases,14128.14286
21/01/21,14495,Cases,13959.28571
22/01/21,14323,Cases,13840.42857
23/01/21,14896,Cases,13818.42857
24/01/21,13232,Cases,13714.14286
25/01/21,9098,Cases,13587.14286
26/01/21,12733,Cases,13436.57143
27/01/21,11556,Cases,12904.71429
28/01/21,18912,Cases,13535.71429
29/01/21,13054,Cases,13354.42857
30/01/21,13073,Cases,13094
31/01/21,11527,Cases,12850.42857
01/02/21,8579,Cases,12776.28571
02/02/21,11001,Cases,12528.85714
03/02/21,12925,Cases,12724.42857
04/02/21,12401,Cases,11794.28571
05/02/21,11711,Cases,11602.42857
06/02/21,12069,Cases,11459
07/02/21,11786,Cases,11496
08/02/21,8715,Cases,11515.42857
09/02/21,10731,Cases,11476.85714
10/02/21,12539,Cases,11421.71429
11/02/21,9353,Cases,10986.28571
12/02/21,12137,Cases,11047.14286
13/02/21,12198,Cases,11065.57143
14/02/21,11706,Cases,11054.14286
15/02/21,9086,Cases,11107.14286
16/02/21,11592,Cases,11230.14286
17/02/21,12862,Cases,11276.28571
18/02/21,13237,Cases,11831.14286
19/02/21,13916,Cases,12085.28571
20/02/21,13919,Cases,12331.14286
21/02/21,14278,Cases,12698.57143
22/02/21,10494,Cases,12899.71429
23/02/21,13682,Cases,13198.28571
24/02/21,16930,Cases,13779.42857
25/02/21,16599,Cases,14259.71429
26/02/21,16562,Cases,14637.71429
27/02/21,16805,Cases,15050
28/02/21,15614,Cases,15240.85714
01/03/21,12270,Cases,15494.57143
02/03/21,14998,Cases,15682.57143
03/03/21,17425,Cases,15753.28571
04/03/21,16824,Cases,15785.42857
05/03/21,18324,Cases,16037.14286
06/03/21,18724,Cases,16311.28571
07/03/21,18650,Cases,16745
08/03/21,15353,Cases,17185.42857
09/03/21,17873,Cases,17596.14286
10/03/21,22851,Cases,18371.28571
11/03/21,23298,Cases,19296.14286
12/03/21,24845,Cases,20227.71429
13/03/21,25154,Cases,21146.28571
14/03/21,26513,Cases,22269.57143
15/03/21,24437,Cases,23567.28571
16/03/21,28869,Cases,25138.14286
17/03/21,35838,Cases,26993.42857
18/03/21,39687,Cases,29334.71429
19/03/21,40906,Cases,31629.14286
20/03/21,43815,Cases,34295
21/03/21,47009,Cases,37223
22/03/21,40636,Cases,39537.14286
23/03/21,47239,Cases,42161.42857
24/03/21,53419,Cases,44673
25/03/21,59083,Cases,47443.85714
26/03/21,62276,Cases,50496.71429
27/03/21,62632,Cases,53184.85714
28/03/21,68206,Cases,56213
29/03/21,56152,Cases,58429.57143
30/03/21,53237,Cases,59286.42857
31/03/21,72113,Cases,61957
01/04/21,81398,Cases,65144.85714
02/04/21,89023,Cases,68965.85714
03/04/21,92994,Cases,73303.28571
04/04/21,103794,Cases,78387.28571
05/04/21,96563,Cases,84160.28571
06/04/21,115312,Cases,93028.14286
07/04/21,126276,Cases,100765.7143
08/04/21,131878,Cases,107977.1429
09/04/21,144945,Cases,115966
10/04/21,152565,Cases,124476.1429
11/04/21,169914,Cases,133921.8571
12/04/21,160838,Cases,143104
13/04/21,185297,Cases,153101.8571
14/04/21,199584,Cases,163574.4286
15/04/21,216828,Cases,175710.1429
16/04/21,234002,Cases,188432.5714
17/04/21,260895,Cases,203908.2857
18/04/21,275063,Cases,218929.5714
19/04/21,257003,Cases,232667.4286
20/04/21,294365,Cases,248248.5714
21/04/21,315752,Cases,264844
22/04/21,332531,Cases,281373
23/04/21,345296,Cases,297272.1429
24/04/21,348996,Cases,309858
25/04/21,354658,Cases,321228.7143
26/04/21,319471,Cases,330152.7143
27/04/21,362913,Cases,339945.2857
28/04/21,379404,Cases,349038.4286
29/04/21,386773,Cases,356787.2857
30/04/21,402014,Cases,364889.8571
01/05/21,392576,Cases,371115.5714
02/05/21,370090,Cases,373320.1429
03/05/21,355769,Cases,378505.5714
04/05/21,382847,Cases,381353.2857
05/05/21,412624,Cases,386099
06/05/21,414280,Cases,390028.5714
07/05/21,406901,Cases,390726.7143
08/05/21,403808,Cases,392331.2857
09/05/21,366455,Cases,391812
10/05/21,329491,Cases,388058
11/05/21,348555,Cases,383159.1429
12/05/21,362632,Cases,376017.4286
13/05/21,343005,Cases,365835.2857
14/05/21,326256,Cases,354314.5714
15/05/21,310757,Cases,341021.5714
16/05/21,281837,Cases,328933.2857
17/05/21,263021,Cases,319437.5714
18/05/21,267246,Cases,307822
19/05/21,276187,Cases,295472.7143
20/05/21,259242,Cases,283506.5714
21/05/21,257299,Cases,273655.5714
22/05/21,240897,Cases,263675.5714
23/05/21,222834,Cases,255246.5714
24/05/21,195857,Cases,245651.7143
25/05/21,208992,Cases,237329.7143
26/05/21,211510,Cases,228090.1429
27/05/21,186075,Cases,217637.7143
28/05/21,174083,Cases,205749.7143
29/05/21,165282,Cases,194947.5714
30/05/21,153396,Cases,185027.8571
31/05/21,126883,Cases,175174.4286
01/06/21,133152,Cases,164340.1429
02/06/21,134044,Cases,153273.5714
03/06/21,132424,Cases,145609.1429
04/06/21,120454,Cases,137947.8571
05/06/21,114488,Cases,130691.5714
06/06/21,101209,Cases,123236.2857
07/06/21,85804,Cases,117367.8571
08/06/21,92787,Cases,111601.4286
09/06/21,93883,Cases,105864.1429
10/06/21,91849,Cases,100067.7143
11/06/21,84574,Cases,94942
12/06/21,80525,Cases,90090.14286
13/06/21,71001,Cases,85774.71429
14/06/21,60008,Cases,82089.57143
15/06/21,62215,Cases,77722.14286
16/06/21,67289,Cases,73923
17/06/21,62436,Cases,69721.14286
18/06/21,60765,Cases,66319.85714
19/06/21,58615,Cases,63189.85714
20/06/21,52978,Cases,60615.14286
21/06/21,42683,Cases,58140.14286
22/06/21,50817,Cases,56511.85714
23/06/21,54309,Cases,54657.57143
24/06/21,51659,Cases,53118
25/06/21,48768,Cases,51404.14286
26/06/21,49844,Cases,50151.14286
27/06/21,46523,Cases,49229
28/06/21,37070,Cases,48427.14286
29/06/21,46104,Cases,47753.85714
30/06/21,48606,Cases,46939.14286
01/07/21,46781,Cases,46242.28571
02/07/21,44187,Cases,45587.85714
03/07/21,43027,Cases,44614
04/07/21,40150,Cases,43703.57143
05/07/21,34026,Cases,43268.71429
06/07/21,43964,Cases,42963
07/07/21,45701,Cases,42548
08/07/21,43504,Cases,42079.85714
09/07/21,42660,Cases,41861.71429
10/07/21,41494,Cases,41642.71429
11/07/21,37654,Cases,41286.14286
12/07/21,30818,Cases,40827.85714
13/07/21,40314,Cases,40306.42857
14/07/21,41759,Cases,39743.28571
15/07/21,39071,Cases,39110
16/07/21,38117,Cases,38461
17/07/21,41283,Cases,38430.85714
18/07/21,38330,Cases,38527.42857
19/07/21,29420,Cases,38327.71429
20/07/21,42128,Cases,38586.85714
21/07/21,41687,Cases,38576.57143
22/07/21,34863,Cases,37975.42857
23/07/21,39501,Cases,38173.14286
24/07/21,40286,Cases,38030.71429
25/07/21,38179,Cases,38009.14286
26/07/21,30820,Cases,38209.14286
27/07/21,42971,Cases,38329.57143
28/07/21,43165,Cases,38540.71429
29/07/21,44671,Cases,39941.85714
30/07/21,41499,Cases,40227.28571
31/07/21,41943,Cases,40464
01/08/21,40629,Cases,40814
02/08/21,30085,Cases,40709
03/08/21,42530,Cases,40646
04/08/21,42797,Cases,40593.42857
05/08/21,45005,Cases,40641.14286
06/08/21,38705,Cases,40242
07/08/21,39068,Cases,39831.28571
08/08/21,36036,Cases,39175.14286
09/08/21,27428,Cases,38795.57143
10/08/21,38376,Cases,38202.14286
11/08/21,41586,Cases,38029.14286
12/08/21,40081,Cases,37325.71429
13/08/21,38761,Cases,37333.71429
14/08/21,36135,Cases,36914.71429
15/08/21,33245,Cases,36516
16/08/21,24696,Cases,36125.71429
17/08/21,35208,Cases,35673.14286
18/08/21,36502,Cases,34946.85714
19/08/21,36600,Cases,34449.57143
20/08/21,34308,Cases,33813.42857
21/08/21,31023,Cases,33083.14286
22/08/21,25420,Cases,31965.28571
23/08/21,24794,Cases,31979.28571
24/08/21,37739,Cases,32340.85714
25/08/21,46129,Cases,33716.14286
26/08/21,44550,Cases,34851.85714
27/08/21,46806,Cases,36637.28571
28/08/21,45064,Cases,38643.14286
29/08/21,43374,Cases,41208
30/08/21,30248,Cases,41987.14286
31/08/21,43073,Cases,42749.14286
01/09/21,45975,Cases,42727.14286
02/09/21,45624,Cases,42880.57143
03/09/21,42667,Cases,42289.28571
04/09/21,42607,Cases,41938.28571
05/09/21,39537,Cases,41390.14286
06/09/21,30164,Cases,41378.14286
07/09/21,38135,Cases,40672.71429
08/09/21,43401,Cases,40305
09/09/21,24151,Cases,37237.42857
10/09/21,37875,Cases,36552.85714
11/09/21,31288,Cases,34935.85714
12/09/21,31441,Cases,33779.28571
13/09/21,24414,Cases,32957.85714
14/09/21,27502,Cases,31438.85714
15/09/21,30355,Cases,29575.14286
16/09/21,34653,Cases,31075.42857
17/09/21,35354,Cases,30715.28571
18/09/21,31130,Cases,30692.71429
19/09/21,30828,Cases,30605.14286
20/09/21,24907,Cases,30675.57143
21/09/21,27338,Cases,30652.14286
22/09/21,32010,Cases,30888.57143
23/09/21,31411,Cases,30425.42857
24/09/21,29565,Cases,29598.42857
25/09/21,28169,Cases,29175.42857
26/09/21,26999,Cases,28628.42857
27/09/21,14907,Cases,27199.85714
28/09/21,21898,Cases,26422.71429
29/09/21,23166,Cases,25159.28571
30/09/21,27285,Cases,24569.85714
01/10/21,23918,Cases,23763.14286
02/10/21,23189,Cases,23051.71429
03/10/21,21644,Cases,22286.71429
04/10/21,17101,Cases,22600.14286
05/10/21,19044,Cases,22192.42857
06/10/21,22605,Cases,22112.28571
07/10/21,21474,Cases,21282.14286
08/10/21,19868,Cases,20703.57143
09/10/21,17941,Cases,19953.85714
10/10/21,19020,Cases,19579
11/10/21,13184,Cases,19019.42857
12/10/21,16023,Cases,18587.85714
13/10/21,19193,Cases,18100.42857
14/10/21,16988,Cases,17459.57143
15/10/21,16003,Cases,16907.42857
16/10/21,14078,Cases,16355.57143
17/10/21,14286,Cases,15679.28571
18/10/21,12339,Cases,15558.57143
19/10/21,14935,Cases,15403.14286
20/10/21,18382,Cases,15287.28571
21/10/21,15774,Cases,15113.85714
22/10/21,16327,Cases,15160.14286
23/10/21,16079,Cases,15446
24/10/21,14654,Cases,15498.57143
25/10/21,11852,Cases,15429
26/10/21,13499,Cases,15223.85714
27/10/21,16351,Cases,14933.71429
28/10/21,14307,Cases,14724.14286
29/10/21,14215,Cases,14422.42857
30/10/21,12940,Cases,13974
31/10/21,12907,Cases,13724.42857
01/11/21,9763,Cases,13426
02/11/21,11809,Cases,13184.57143
03/11/21,12919,Cases,12694.28571
04/11/21,12806,Cases,12479.85714
05/11/21,11232,Cases,12053.71429
06/11/21,10257,Cases,11670.42857
07/11/21,11545,Cases,11475.85714
08/11/21,9721,Cases,11469.85714
09/11/21,11351,Cases,11404.42857
10/11/21,12950,Cases,11408.85714
11/11/21,13530,Cases,11512.28571
12/11/21,11865,Cases,11602.71429
13/11/21,10536,Cases,11642.57143
14/11/21,10463,Cases,11488
15/11/21,8684,Cases,11339.85714
16/11/21,10141,Cases,11167
17/11/21,11702,Cases,10988.71429
18/11/21,11214,Cases,10657.85714
19/11/21,10473,Cases,10459
20/11/21,10521,Cases,10456.85714
21/11/21,9241,Cases,10282.28571
22/11/21,7001,Cases,10041.85714
23/11/21,9177,Cases,9904.142857
24/11/21,8898,Cases,9503.571429
25/11/21,10697,Cases,9429.714286
26/11/21,8337,Cases,9124.571429
27/11/21,8742,Cases,8870.428571
28/11/21,8690,Cases,8791.714286
29/11/21,6798,Cases,8762.714286
30/11/21,8163,Cases,8617.857143
01/12/21,10103,Cases,8790
02/12/21,9659,Cases,8641.714286
03/12/21,9329,Cases,8783.428571
04/12/21,8226,Cases,8709.714286
05/12/21,8578,Cases,8693.714286
06/12/21,6759,Cases,8688.142857
07/12/21,8831,Cases,8783.571429
08/12/21,8585,Cases,8566.714286
09/12/21,9453,Cases,8537.285714
10/12/21,8109,Cases,8363
11/12/21,7777,Cases,8298.857143
12/12/21,7513,Cases,8146.714286
13/12/21,5541,Cases,7972.714286
14/12/21,7065,Cases,7720.428571
15/12/21,8019,Cases,7639.571429
16/12/21,7453,Cases,7353.857143
17/12/21,7234,Cases,7228.857143
18/12/21,7046,Cases,7124.428571
19/12/21,6661,Cases,7002.714286
20/12/21,5134,Cases,6944.571429
21/12/21,6313,Cases,6837.142857
22/12/21,7499,Cases,6762.857143
23/12/21,6770,Cases,6665.285714
24/12/21,7092,Cases,6645
25/12/21,7107,Cases,6653.714286
26/12/21,6515,Cases,6632.857143
27/12/21,6270,Cases,6795.142857
28/12/21,9184,Cases,7205.285714
29/12/21,13159,Cases,8013.857143
30/12/21,16737,Cases,9437.714286
31/12/21,22755,Cases,11675.28571
01/01/22,27732,Cases,14621.71429
02/01/22,33682,Cases,18502.71429
03/01/22,37184,Cases,22919
04/01/22,58102,Cases,29907.28571
05/01/22,90786,Cases,40996.85714
06/01/22,117023,Cases,55323.42857
07/01/22,141706,Cases,72316.42857
08/01/22,159576,Cases,91151.28571
09/01/22,180111,Cases,112069.7143
10/01/22,167067,Cases,130624.4286
11/01/22,195359,Cases,150232.5714
12/01/22,247266,Cases,172586.8571
13/01/22,264207,Cases,193613.1429
14/01/22,269047,Cases,211804.7143
15/01/22,271156,Cases,227744.7143
16/01/22,258739,Cases,238977.2857
17/01/22,236966,Cases,248962.8571
18/01/22,282951,Cases,261476
19/01/22,317839,Cases,271557.8571
20/01/22,344278,Cases,282996.5714
14/03/20,2,Deaths,0.333333333
15/03/20,0,Deaths,0.285714286
16/03/20,0,Deaths,0.714285714
17/03/20,1,Deaths,1
18/03/20,0,Deaths,1
19/03/20,1,Deaths,1.142857143
20/03/20,0,Deaths,1.714285714
21/03/20,0,Deaths,2.142857143
22/03/20,3,Deaths,2.857142857
23/03/20,2,Deaths,2.857142857
24/03/20,1,Deaths,4.428571429
25/03/20,1,Deaths,5.142857143
26/03/20,5,Deaths,6.285714286
27/03/20,3,Deaths,7.571428571
28/03/20,5,Deaths,9.142857143
29/03/20,3,Deaths,10.28571429
30/03/20,13,Deaths,13
31/03/20,6,Deaths,13.42857143
01/04/20,9,Deaths,16.42857143
02/04/20,14,Deaths,18
03/04/20,14,Deaths,22.57142857
04/04/20,13,Deaths,23.71428571
05/04/20,22,Deaths,27.71428571
06/04/20,16,Deaths,30.57142857
07/04/20,27,Deaths,32.14285714
08/04/20,20,Deaths,33.57142857
09/04/20,46,Deaths,34.57142857
10/04/20,22,Deaths,31.71428571
11/04/20,41,Deaths,34
12/04/20,42,Deaths,33.14285714
13/04/20,27,Deaths,32.57142857
14/04/20,37,Deaths,33.42857143
15/04/20,27,Deaths,35.71428571
16/04/20,26,Deaths,37
17/04/20,38,Deaths,39
18/04/20,35,Deaths,42
19/04/20,38,Deaths,43.28571429
20/04/20,33,Deaths,45.85714286
21/04/20,53,Deaths,49.42857143
22/04/20,36,Deaths,51.71428571
23/04/20,40,Deaths,56.71428571
24/04/20,59,Deaths,61.71428571
25/04/20,44,Deaths,64.28571429
26/04/20,56,Deaths,71.14285714
27/04/20,58,Deaths,83.14285714
28/04/20,69,Deaths,89.57142857
29/04/20,71,Deaths,98
30/04/20,75,Deaths,100.8571429
01/05/20,77,Deaths,105
02/05/20,92,Deaths,107.8571429
03/05/20,140,Deaths,111.1428571
04/05/20,103,Deaths,107.1428571
05/05/20,128,Deaths,104
06/05/20,91,Deaths,102.8571429
07/05/20,104,Deaths,109.4285714
08/05/20,97,Deaths,108.4285714
09/05/20,115,Deaths,109.4285714
10/05/20,112,Deaths,110.1428571
11/05/20,81,Deaths,115.8571429
12/05/20,120,Deaths,123
13/05/20,137,Deaths,126.7142857
14/05/20,97,Deaths,126.2857143
15/05/20,104,Deaths,133.5714286
16/05/20,120,Deaths,139
17/05/20,152,Deaths,142.1428571
18/05/20,131,Deaths,142.7142857
19/05/20,146,Deaths,145.4285714
20/05/20,134,Deaths,149.2857143
21/05/20,148,Deaths,157
22/05/20,142,Deaths,161
23/05/20,142,Deaths,179.1428571
24/05/20,156,Deaths,188.1428571
25/05/20,150,Deaths,197.5714286
26/05/20,173,Deaths,204.8571429
27/05/20,188,Deaths,211.8571429
28/05/20,176,Deaths,222
29/05/20,269,Deaths,236
30/05/20,205,Deaths,238.4285714
31/05/20,222,Deaths,251.5714286
01/06/20,201,Deaths,257.1428571
02/06/20,222,Deaths,267.1428571
03/06/20,259,Deaths,274.2857143
04/06/20,274,Deaths,288.4285714
05/06/20,286,Deaths,305.5714286
06/06/20,297,Deaths,320.1428571
07/06/20,261,Deaths,321.8571429
08/06/20,271,Deaths,330.8571429
09/06/20,272,Deaths,348.7142857
10/06/20,358,Deaths,596.1428571
11/06/20,394,Deaths,593.7142857
12/06/20,388,Deaths,586.4285714
13/06/20,309,Deaths,583
14/06/20,324,Deaths,582.8571429
15/06/20,396,Deaths,597.4285714
16/06/20,2004,Deaths,585.4285714
17/06/20,341,Deaths,366
18/06/20,343,Deaths,377.8571429
19/06/20,364,Deaths,386.1428571
20/06/20,308,Deaths,388.5714286
21/06/20,426,Deaths,403.7142857
22/06/20,312,Deaths,397.7142857
23/06/20,468,Deaths,412.7142857
24/06/20,424,Deaths,418.1428571
25/06/20,401,Deaths,420.1428571
26/06/20,381,Deaths,416.8571429
27/06/20,414,Deaths,425.8571429
28/06/20,384,Deaths,454
29/06/20,417,Deaths,459.2857143
30/06/20,506,Deaths,467.2857143
01/07/20,438,Deaths,463.4285714
02/07/20,378,Deaths,471.1428571
03/07/20,444,Deaths,485.5714286
04/07/20,611,Deaths,496.4285714
05/07/20,421,Deaths,486.7142857
06/07/20,473,Deaths,498
07/07/20,479,Deaths,507.7142857
08/07/20,492,Deaths,523.1428571
09/07/20,479,Deaths,540.5714286
10/07/20,520,Deaths,569.2857143
11/07/20,543,Deaths,591.5714286
12/07/20,500,Deaths,591.5714286
13/07/20,541,Deaths,616.5714286
14/07/20,587,Deaths,624.4285714
15/07/20,614,Deaths,636.4285714
16/07/20,680,Deaths,710.1428571
17/07/20,676,Deaths,720.8571429
18/07/20,543,Deaths,733.2857143
19/07/20,675,Deaths,756.1428571
20/07/20,596,Deaths,760.2857143
21/07/20,671,Deaths,766.8571429
22/07/20,1130,Deaths,781.5714286
23/07/20,755,Deaths,730.8571429
24/07/20,763,Deaths,735
25/07/20,703,Deaths,735.1428571
26/07/20,704,Deaths,756.7142857
27/07/20,642,Deaths,764.7142857
28/07/20,774,Deaths,788.1428571
29/07/20,775,Deaths,798.8571429
30/07/20,784,Deaths,819.4285714
31/07/20,764,Deaths,835.8571429
01/08/20,854,Deaths,860.4285714
02/08/20,760,Deaths,863.4285714
03/08/20,806,Deaths,899.5714286
04/08/20,849,Deaths,911.1428571
05/08/20,919,Deaths,909.1428571
06/08/20,899,Deaths,913.5714286
07/08/20,936,Deaths,928.8571429
08/08/20,875,Deaths,936.4285714
09/08/20,1013,Deaths,947.4285714
10/08/20,887,Deaths,938.7142857
11/08/20,835,Deaths,937.7142857
12/08/20,950,Deaths,975.4285714
13/08/20,1006,Deaths,979.5714286
14/08/20,989,Deaths,976
15/08/20,952,Deaths,970.8571429
16/08/20,952,Deaths,966
17/08/20,880,Deaths,950.8571429
18/08/20,1099,Deaths,947.1428571
19/08/20,979,Deaths,942.4285714
20/08/20,981,Deaths,947.8571429
21/08/20,953,Deaths,960
22/08/20,918,Deaths,969.4285714
23/08/20,846,Deaths,973
24/08/20,854,Deaths,989.2857143
25/08/20,1066,Deaths,983.8571429
26/08/20,1017,Deaths,978.2857143
27/08/20,1066,Deaths,979.5714286
28/08/20,1019,Deaths,982
29/08/20,943,Deaths,988.7142857
30/08/20,960,Deaths,1003.142857
31/08/20,816,Deaths,1009.571429
01/09/20,1027,Deaths,1054.285714
02/09/20,1026,Deaths,1065.714286
03/09/20,1083,Deaths,1086
04/09/20,1066,Deaths,1104.571429
05/09/20,1044,Deaths,1124
06/09/20,1005,Deaths,1133.571429
07/09/20,1129,Deaths,1152.857143
08/09/20,1107,Deaths,1142.142857
09/09/20,1168,Deaths,1167
10/09/20,1213,Deaths,1163
11/09/20,1202,Deaths,1157.571429
12/09/20,1111,Deaths,1160.285714
13/09/20,1140,Deaths,1165.714286
14/09/20,1054,Deaths,1165
15/09/20,1281,Deaths,1165.285714
16/09/20,1140,Deaths,1137.285714
17/09/20,1175,Deaths,1134.857143
18/09/20,1221,Deaths,1130.428571
19/09/20,1149,Deaths,1112.142857
20/09/20,1135,Deaths,1108.571429
21/09/20,1056,Deaths,1095
22/09/20,1085,Deaths,1054.857143
23/09/20,1123,Deaths,1068.142857
24/09/20,1144,Deaths,1076.142857
25/09/20,1093,Deaths,1069.714286
26/09/20,1124,Deaths,1066.142857
27/09/20,1040,Deaths,1039.428571
28/09/20,775,Deaths,1019.857143
29/09/20,1178,Deaths,1035.714286
30/09/20,1179,Deaths,1008.857143
01/10/20,1099,Deaths,978
02/10/20,1068,Deaths,959.1428571
03/10/20,937,Deaths,939.2857143
04/10/20,903,Deaths,937
05/10/20,886,Deaths,924.1428571
06/10/20,990,Deaths,899
07/10/20,963,Deaths,861.4285714
08/10/20,967,Deaths,822.4285714
09/10/20,929,Deaths,810.2857143
10/10/20,921,Deaths,797.5714286
11/10/20,813,Deaths,813.4285714
12/10/20,710,Deaths,780.4285714
13/10/20,727,Deaths,763.1428571
14/10/20,690,Deaths,761.2857143
15/10/20,882,Deaths,762.8571429
16/10/20,840,Deaths,734.8571429
17/10/20,1032,Deaths,708.4285714
18/10/20,582,Deaths,643.5714286
19/10/20,589,Deaths,629.4285714
20/10/20,714,Deaths,614.5714286
21/10/20,701,Deaths,585.5714286
22/10/20,686,Deaths,559
23/10/20,655,Deaths,541.2857143
24/10/20,578,Deaths,526.2857143
25/10/20,483,Deaths,510.7142857
26/10/20,485,Deaths,511.8571429
27/10/20,511,Deaths,513.7142857
28/10/20,515,Deaths,513.5714286
29/10/20,562,Deaths,541
30/10/20,550,Deaths,556.7142857
31/10/20,469,Deaths,560.5714286
01/11/20,491,Deaths,573.1428571
02/11/20,498,Deaths,573.1428571
03/11/20,510,Deaths,566.2857143
04/11/20,707,Deaths,566.4285714
05/11/20,672,Deaths,544
06/11/20,577,Deaths,525.7142857
07/11/20,557,Deaths,517.1428571
08/11/20,491,Deaths,501.8571429
09/11/20,450,Deaths,493.7142857
10/11/20,511,Deaths,493.8571429
11/11/20,550,Deaths,488.2857143
12/11/20,544,Deaths,493.4285714
13/11/20,517,Deaths,498.8571429
14/11/20,450,Deaths,505.5714286
15/11/20,434,Deaths,512.5714286
16/11/20,451,Deaths,523.4285714
17/11/20,472,Deaths,527.7142857
18/11/20,586,Deaths,530.1428571
19/11/20,582,Deaths,520.4285714
20/11/20,564,Deaths,507.4285714
21/11/20,499,Deaths,496.2857143
22/11/20,510,Deaths,495.7142857
23/11/20,481,Deaths,486.2857143
24/11/20,489,Deaths,486.4285714
25/11/20,518,Deaths,488.1428571
26/11/20,491,Deaths,489.2857143
27/11/20,486,Deaths,496.4285714
28/11/20,495,Deaths,500
29/11/20,444,Deaths,498.1428571
30/11/20,482,Deaths,490.4285714
01/12/20,501,Deaths,476.7142857
02/12/20,526,Deaths,462.5714286
03/12/20,541,Deaths,446.4285714
04/12/20,511,Deaths,427.8571429
05/12/20,482,Deaths,418
06/12/20,390,Deaths,405
07/12/20,386,Deaths,397.5714286
08/12/20,402,Deaths,393
09/12/20,413,Deaths,390.4285714
10/12/20,411,Deaths,382.2857143
11/12/20,442,Deaths,372.4285714
12/12/20,391,Deaths,358.1428571
13/12/20,338,Deaths,351.1428571
14/12/20,354,Deaths,350.2857143
15/12/20,384,Deaths,342.8571429
16/12/20,356,Deaths,335
17/12/20,342,Deaths,329.1428571
18/12/20,342,Deaths,328.4285714
19/12/20,342,Deaths,315.4285714
20/12/20,332,Deaths,306.5714286
21/12/20,302,Deaths,299.2857143
22/12/20,329,Deaths,291.8571429
23/12/20,315,Deaths,285.5714286
24/12/20,337,Deaths,283.2857143
25/12/20,251,Deaths,270
26/12/20,280,Deaths,268
27/12/20,281,Deaths,258.8571429
28/12/20,250,Deaths,249.4285714
29/12/20,285,Deaths,242.2857143
30/12/20,299,Deaths,239.4285714
31/12/20,244,Deaths,228.4285714
01/01/21,237,Deaths,226.8571429
02/01/21,216,Deaths,225.7142857
03/01/21,215,Deaths,225.2857143
04/01/21,200,Deaths,216
05/01/21,265,Deaths,211.1428571
06/01/21,222,Deaths,201.8571429
07/01/21,233,Deaths,198.8571429
08/01/21,229,Deaths,192.5714286
09/01/21,213,Deaths,185
10/01/21,150,Deaths,180.4285714
11/01/21,166,Deaths,179.7142857
12/01/21,200,Deaths,175.5714286
13/01/21,201,Deaths,170.1428571
14/01/21,189,Deaths,163.1428571
15/01/21,176,Deaths,159.1428571
16/01/21,181,Deaths,155.8571429
17/01/21,145,Deaths,152.2857143
18/01/21,137,Deaths,150.2857143
19/01/21,162,Deaths,147.2857143
20/01/21,152,Deaths,143.8571429
21/01/21,161,Deaths,139.7142857
22/01/21,153,Deaths,139.8571429
23/01/21,156,Deaths,137.5714286
24/01/21,131,Deaths,133.5714286
25/01/21,116,Deaths,131.4285714
26/01/21,138,Deaths,128.2857143
27/01/21,123,Deaths,124.7142857
28/01/21,162,Deaths,122.4285714
29/01/21,137,Deaths,116.4285714
30/01/21,128,Deaths,110.4285714
31/01/21,116,Deaths,102.8571429
01/02/21,94,Deaths,98.57142857
02/02/21,113,Deaths,96.28571429
03/02/21,107,Deaths,93.57142857
04/02/21,120,Deaths,94
05/02/21,95,Deaths,89
06/02/21,75,Deaths,90.28571429
07/02/21,86,Deaths,92.28571429
08/02/21,78,Deaths,93
09/02/21,94,Deaths,93.57142857
10/02/21,110,Deaths,94.28571429
11/02/21,85,Deaths,92.85714286
12/02/21,104,Deaths,95
13/02/21,89,Deaths,94.42857143
14/02/21,91,Deaths,94.42857143
15/02/21,82,Deaths,93.28571429
16/02/21,99,Deaths,92.42857143
17/02/21,100,Deaths,93
18/02/21,100,Deaths,98.85714286
19/02/21,100,Deaths,101.5714286
20/02/21,89,Deaths,103.5714286
21/02/21,83,Deaths,106.7142857
22/02/21,76,Deaths,110.2857143
23/02/21,103,Deaths,112.5714286
24/02/21,141,Deaths,111.8571429
25/02/21,119,Deaths,104.1428571
26/02/21,114,Deaths,103.2857143
27/02/21,111,Deaths,102.5714286
28/02/21,108,Deaths,101
01/03/21,92,Deaths,99.42857143
02/03/21,98,Deaths,97.14285714
03/03/21,87,Deaths,102.1428571
04/03/21,113,Deaths,107.5714286
05/03/21,109,Deaths,108.4285714
06/03/21,100,Deaths,112.8571429
07/03/21,97,Deaths,121.2857143
08/03/21,76,Deaths,124.5714286
09/03/21,133,Deaths,132.2857143
10/03/21,125,Deaths,140
11/03/21,119,Deaths,146.5714286
12/03/21,140,Deaths,151.8571429
13/03/21,159,Deaths,158.7142857
14/03/21,120,Deaths,164
15/03/21,130,Deaths,177.2857143
16/03/21,187,Deaths,186.8571429
17/03/21,171,Deaths,199.7142857
18/03/21,156,Deaths,210.8571429
19/03/21,188,Deaths,225.2857143
20/03/21,196,Deaths,240.1428571
21/03/21,213,Deaths,256.5714286
22/03/21,197,Deaths,268.2857143
23/03/21,277,Deaths,278.1428571
24/03/21,249,Deaths,289.2857143
25/03/21,257,Deaths,319.1428571
26/03/21,292,Deaths,349.2857143
27/03/21,311,Deaths,409.4285714
28/03/21,295,Deaths,438.4285714
29/03/21,266,Deaths,464.4285714
30/03/21,355,Deaths,490.1428571
31/03/21,458,Deaths,529.4285714
01/04/21,468,Deaths,561.7142857
02/04/21,713,Deaths,609.4285714
03/04/21,514,Deaths,618
04/04/21,477,Deaths,664.2857143
05/04/21,446,Deaths,725.2857143
06/04/21,630,Deaths,787.2857143
07/04/21,684,Deaths,843.8571429
08/04/21,802,Deaths,894.4285714
09/04/21,773,Deaths,949
10/04/21,838,Deaths,1029.714286
11/04/21,904,Deaths,1124
12/04/21,880,Deaths,1226.285714
13/04/21,1026,Deaths,1351.571429
14/04/21,1038,Deaths,1493.714286
15/04/21,1184,Deaths,1645.571429
16/04/21,1338,Deaths,1798.857143
17/04/21,1498,Deaths,1982
18/04/21,1620,Deaths,2162.428571
19/04/21,1757,Deaths,2332.142857
20/04/21,2021,Deaths,2475.714286
21/04/21,2101,Deaths,2656.428571
22/04/21,2257,Deaths,2877.142857
23/04/21,2620,Deaths,3055
24/04/21,2761,Deaths,3184.285714
25/04/21,2808,Deaths,3316.285714
26/04/21,2762,Deaths,3404.142857
27/04/21,3286,Deaths,3500.857143
28/04/21,3646,Deaths,3572.285714
29/04/21,3502,Deaths,3619.857143
30/04/21,3525,Deaths,3680
01/05/21,3685,Deaths,3781.142857
02/05/21,3423,Deaths,3839.285714
03/05/21,3439,Deaths,3885.857143
04/05/21,3786,Deaths,3948.714286
05/05/21,3979,Deaths,4007.571429
06/05/21,3923,Deaths,4028.857143
07/05/21,4233,Deaths,4039.857143
08/05/21,4092,Deaths,3990.714286
09/05/21,3749,Deaths,3988.571429
10/05/21,3879,Deaths,4038.428571
11/05/21,4198,Deaths,4103.428571
12/05/21,4128,Deaths,4150.714286
13/05/21,4000,Deaths,4114.857143
14/05/21,3889,Deaths,4144.714286
15/05/21,4077,Deaths,4188.285714
16/05/21,4098,Deaths,4140
17/05/21,4334,Deaths,4190.857143
18/05/21,4529,Deaths,4073
19/05/21,3877,Deaths,4020.285714
20/05/21,4209,Deaths,4015.428571
21/05/21,4194,Deaths,3936.857143
22/05/21,3739,Deaths,3853.571429
23/05/21,4454,Deaths,3814.142857
24/05/21,3509,Deaths,3625
25/05/21,4160,Deaths,3521.285714
26/05/21,3843,Deaths,3384.857143
27/05/21,3659,Deaths,3249.857143
28/05/21,3611,Deaths,3115.285714
29/05/21,3463,Deaths,3081.142857
30/05/21,3130,Deaths,2969.571429
31/05/21,2783,Deaths,2871.571429
01/06/21,3205,Deaths,2775
02/06/21,2898,Deaths,2634.571429
03/06/21,2717,Deaths,3097.571429
04/06/21,3372,Deaths,3197.142857
05/06/21,2682,Deaths,3286.285714
06/06/21,2444,Deaths,3374.571429
07/06/21,2107,Deaths,3585.714286
08/06/21,2222,Deaths,3675.142857
09/06/21,6139,Deaths,3720.571429
10/06/21,3414,Deaths,3176.285714
11/06/21,3996,Deaths,2915.857143
12/06/21,3300,Deaths,2580
13/06/21,3922,Deaths,2333.428571
14/06/21,2733,Deaths,1976.571429
15/06/21,2540,Deaths,1752.857143
16/06/21,2329,Deaths,1584.142857
17/06/21,1591,Deaths,1440.428571
18/06/21,1645,Deaths,1402.857143
19/06/21,1574,Deaths,1336.857143
20/06/21,1424,Deaths,1291.714286
21/06/21,1167,Deaths,1228
22/06/21,1359,Deaths,1190.857143
23/06/21,1323,Deaths,1113.714286
24/06/21,1328,Deaths,1067.857143
25/06/21,1183,Deaths,1000.571429
26/06/21,1258,Deaths,936.8571429
27/06/21,978,Deaths,892.8571429
28/06/21,907,Deaths,856.7142857
29/06/21,819,Deaths,806
30/06/21,1002,Deaths,821.8571429
01/07/21,857,Deaths,795.7142857
02/07/21,737,Deaths,803
03/07/21,950,Deaths,870.1428571
04/07/21,725,Deaths,862.7142857
05/07/21,552,Deaths,862
06/07/21,930,Deaths,1072.285714
07/07/21,819,Deaths,1028.714286
08/07/21,908,Deaths,994.2857143
09/07/21,1207,Deaths,942.2857143
10/07/21,898,Deaths,849.8571429
11/07/21,720,Deaths,795.4285714
12/07/21,2024,Deaths,764.1428571
13/07/21,625,Deaths,528.1428571
14/07/21,578,Deaths,1010
15/07/21,544,Deaths,1000.285714
16/07/21,560,Deaths,991.2857143
17/07/21,517,Deaths,988.7142857
18/07/21,501,Deaths,992.1428571
19/07/21,372,Deaths,979.2857143
20/07/21,3998,Deaths,985.8571429
21/07/21,510,Deaths,506.2857143
22/07/21,481,Deaths,524.8571429
23/07/21,542,Deaths,534.5714286
24/07/21,541,Deaths,542.5714286
25/07/21,411,Deaths,542.7142857
26/07/21,418,Deaths,544.5714286
27/07/21,641,Deaths,544.8571429
28/07/21,640,Deaths,533.4285714
29/07/21,549,Deaths,518
30/07/21,598,Deaths,506
31/07/21,542,Deaths,508.5714286
01/08/21,424,Deaths,501.2857143
02/08/21,420,Deaths,504.5714286
03/08/21,561,Deaths,498.2857143
04/08/21,532,Deaths,489
05/08/21,465,Deaths,483.1428571
06/08/21,616,Deaths,500
07/08/21,491,Deaths,480.1428571
08/08/21,447,Deaths,480.1428571
09/08/21,376,Deaths,476.4285714
10/08/21,496,Deaths,485.2857143
11/08/21,491,Deaths,477.2857143
12/08/21,583,Deaths,482.4285714
13/08/21,477,Deaths,476.7142857
14/08/21,491,Deaths,462.2857143
15/08/21,421,Deaths,449.4285714
16/08/21,438,Deaths,444.2857143
17/08/21,440,Deaths,432.7142857
18/08/21,527,Deaths,462.7142857
19/08/21,543,Deaths,473.8571429
20/08/21,376,Deaths,466.7142857
21/08/21,401,Deaths,486.4285714
22/08/21,385,Deaths,494.4285714
23/08/21,357,Deaths,514.7142857
24/08/21,650,Deaths,493
25/08/21,605,Deaths,466.1428571
26/08/21,493,Deaths,452.1428571
27/08/21,514,Deaths,432.4285714
28/08/21,457,Deaths,407.8571429
29/08/21,527,Deaths,386.7142857
30/08/21,205,Deaths,342.5714286
31/08/21,462,Deaths,354.7142857
01/09/21,507,Deaths,341.2857143
02/09/21,355,Deaths,317.2857143
03/09/21,342,Deaths,303.4285714
04/09/21,309,Deaths,298.8571429
05/09/21,218,Deaths,303
06/09/21,290,Deaths,303.1428571
07/09/21,368,Deaths,310.2857143
08/09/21,339,Deaths,297.8571429
09/09/21,258,Deaths,311.1428571
10/09/21,310,Deaths,319.7142857
11/09/21,338,Deaths,316.1428571
12/09/21,219,Deaths,311.5714286
13/09/21,340,Deaths,322.5714286
14/09/21,281,Deaths,309.8571429
15/09/21,432,Deaths,324.7142857
16/09/21,318,Deaths,303
17/09/21,285,Deaths,303
18/09/21,306,Deaths,303.8571429
19/09/21,296,Deaths,297.1428571
20/09/21,251,Deaths,294.2857143
21/09/21,385,Deaths,284.2857143
22/09/21,280,Deaths,282.8571429
23/09/21,318,Deaths,287.5714286
24/09/21,291,Deaths,281.8571429
25/09/21,259,Deaths,273.5714286
26/09/21,276,Deaths,271.1428571
27/09/21,181,Deaths,257.7142857
28/09/21,375,Deaths,269.4285714
29/09/21,313,Deaths,255.2857143
30/09/21,278,Deaths,255.7142857
01/10/21,233,Deaths,255.5714286
02/10/21,242,Deaths,257.5714286
03/10/21,182,Deaths,253.4285714
04/10/21,263,Deaths,255
05/10/21,276,Deaths,242.7142857
06/10/21,316,Deaths,236
07/10/21,277,Deaths,226.4285714
08/10/21,247,Deaths,240.8571429
09/10/21,213,Deaths,228.8571429
10/10/21,193,Deaths,219.2857143
11/10/21,177,Deaths,215.2857143
12/10/21,229,Deaths,213.4285714
13/10/21,249,Deaths,209.1428571
14/10/21,378,Deaths,196.4285714
15/10/21,163,Deaths,175.5714286
16/10/21,146,Deaths,247.4285714
17/10/21,165,Deaths,306.4285714
18/10/21,164,Deaths,346
19/10/21,199,Deaths,373.5714286
20/10/21,160,Deaths,428.5714286
21/10/21,232,Deaths,510.5714286
22/10/21,666,Deaths,592.4285714
23/10/21,559,Deaths,576
24/10/21,442,Deaths,559.7142857
25/10/21,357,Deaths,532.4285714
26/10/21,584,Deaths,544.2857143
27/10/21,734,Deaths,500
28/10/21,805,Deaths,462.7142857
29/10/21,551,Deaths,380.1428571
30/10/21,445,Deaths,360.7142857
31/10/21,251,Deaths,371
01/11/21,440,Deaths,372.1428571
02/11/21,274,Deaths,356.4285714
03/11/21,473,Deaths,380.8571429
04/11/21,227,Deaths,363.4285714
05/11/21,415,Deaths,405
06/11/21,517,Deaths,425.2857143
07/11/21,259,Deaths,385.1428571
08/11/21,330,Deaths,370.1428571
09/11/21,445,Deaths,351.2857143
10/11/21,351,Deaths,328.4285714
11/11/21,518,Deaths,345.8571429
12/11/21,557,Deaths,338.2857143
13/11/21,236,Deaths,298.5714286
14/11/21,154,Deaths,309.7142857
15/11/21,198,Deaths,322.8571429
16/11/21,285,Deaths,329.7142857
17/11/21,473,Deaths,349.8571429
18/11/21,465,Deaths,336
19/11/21,279,Deaths,338.1428571
20/11/21,314,Deaths,359.2857143
21/11/21,246,Deaths,412.4285714
22/11/21,246,Deaths,409
23/11/21,426,Deaths,402.4285714
24/11/21,376,Deaths,374.8571429
25/11/21,480,Deaths,393
26/11/21,427,Deaths,380.8571429
27/11/21,686,Deaths,714.8571429
28/11/21,222,Deaths,682.4285714
29/11/21,200,Deaths,682
30/11/21,233,Deaths,685.1428571
01/12/21,503,Deaths,678.2857143
02/12/21,395,Deaths,629.7142857
03/12/21,2765,Deaths,663.7142857
04/12/21,459,Deaths,325.1428571
05/12/21,219,Deaths,303.4285714
06/12/21,222,Deaths,300.2857143
07/12/21,185,Deaths,305.1428571
08/12/21,163,Deaths,314
09/12/21,633,Deaths,339.4285714
10/12/21,395,Deaths,305.1428571
11/12/21,307,Deaths,289.8571429
12/12/21,197,Deaths,283.8571429
13/12/21,256,Deaths,274.5714286
14/12/21,247,Deaths,302.7142857
15/12/21,341,Deaths,312.8571429
16/12/21,393,Deaths,326
17/12/21,288,Deaths,323.1428571
18/12/21,265,Deaths,337.5714286
19/12/21,132,Deaths,322.8571429
20/12/21,453,Deaths,348.5714286
21/12/21,318,Deaths,326
22/12/21,433,Deaths,323.4285714
23/12/21,373,Deaths,300.1428571
24/12/21,389,Deaths,278.4285714
25/12/21,162,Deaths,280.7142857
26/12/21,312,Deaths,298.1428571
27/12/21,295,Deaths,271.2857143
28/12/21,300,Deaths,246.5714286
29/12/21,270,Deaths,280.1428571
30/12/21,221,Deaths,288
31/12/21,405,Deaths,299.7142857
01/01/22,284,Deaths,282.2857143
02/01/22,124,Deaths,288.7142857
03/01/22,122,Deaths,291.8571429
04/01/22,535,Deaths,313.8571429
05/01/22,325,Deaths,300.7142857
06/01/22,303,Deaths,308.5714286
07/01/22,283,Deaths,310.2857143
08/01/22,329,Deaths,327
09/01/22,146,Deaths,324.8571429
10/01/22,276,Deaths,359.2857143
11/01/22,443,Deaths,364
12/01/22,380,Deaths,363.7142857
13/01/22,315,Deaths,379.7142857
14/01/22,400,Deaths,435
15/01/22,314,Deaths,
16/01/22,387,Deaths,
17/01/22,309,Deaths,
18/01/22,441,Deaths,
19/01/22,492,Deaths,
20/01/22,702,Deaths,